"","#","Name","Adj. Vol (24h)*","Volume (24h)","Volume (7d)","Volume (30d)","No. Markets","Change (24h)","Vol Graph (7d)","Launched","Sys.Date()"
"1",1,"Binance","$522,809,675","$522,809,675","$2,285,720,807","$17,556,087,587",430,"0.74%",NA,"Jul 2017",2019-01-30
"2",2,"OKEx","$413,328,920","$413,328,920","$1,694,985,541","$14,360,892,235",419,"6.00%",NA,"Jan 2014",2019-01-30
"3",3,"Huobi Global","$398,002,215","$398,002,215","$1,242,883,821","$10,127,061,086",396,"17.31%",NA,"Sep 2013",2019-01-30
"4",4,"ZB.COM","$388,439,884","$403,314,587","$1,496,581,615","$10,054,687,467",93,"5.08%",NA,"Nov 2017",2019-01-30
"5",5,"DigiFinex","$380,870,353","$380,870,353","$1,356,571,657","$9,871,159,507",121,"6.52%",NA,"Apr 2018",2019-01-30
"6",6,"CoinBene","$329,882,092","$329,882,092","$1,315,489,935","$9,161,995,414",190,"3.40%",NA,"Sep 2017",2019-01-30
"7",7,"Bit-Z","$322,549,492","$322,549,492","$1,454,450,461","$11,965,219,946",161,"1.93%",NA,"Jun 2016",2019-01-30
"8",8,"Bibox","$322,420,113","$322,420,113","$1,278,313,901","$8,330,411,551",195,"1.97%",NA,"Nov 2017",2019-01-30
"9",9,"BitForex","$306,726,292","$307,149,179","$1,099,205,565","$6,280,991,880",144,"30.56%",NA,"Jun 2018",2019-01-30
"10",10,"LBank","$304,302,338","$304,302,338","$1,187,282,893","$9,478,377,167",98,"8.91%",NA,"Oct 2017",2019-01-30
"11",11,"IDAX","$297,146,882","$297,146,882","$1,099,592,922","$6,453,629,860",142,"6.25%",NA,"Dec 2017",2019-01-30
"12",12,"HitBTC","$276,975,755","$276,976,026","$1,185,872,251","$6,886,827,583",773,"0.31%",NA,"Feb 2014",2019-01-30
"13",13,"BW","$274,021,977","$274,021,977","$902,775,296","$2,791,153,839",33,"1.27%",NA,"Jan 2017",2019-01-30
"14",14,"Coineal","$269,410,490","$269,410,490","$1,002,600,795","$5,030,742,246",57,"-6.25%",NA,"Apr 2018",2019-01-30
"15",15,"DOBI Exchange","$269,126,168","$269,126,168","$814,607,237","$3,503,245,122",15,"3.28%",NA,"May 2018",2019-01-30
"16",16,"Fatbtc","$266,186,447","$266,186,447","$916,930,384","$4,781,787,197",68,"10.93%",NA,"May 2014",2019-01-30
"17",17,"BCEX","$259,894,024","$259,894,024","$918,553,835","$5,596,382,939",70,"4.12%",NA,"Aug 2017",2019-01-30
"18",18,"P2PB2B","$244,372,692","$244,372,692","$797,044,822","$3,489,935,209",66,"10.99%",NA,"Jan 2018",2019-01-30
"19",19,"Cryptonex","$244,076,536","$244,076,536","$833,277,894","$5,051,678,161",56,"-0.58%",NA,"Oct 2017",2019-01-30
"20",20,"OEX","$226,535,533","$226,552,618","$942,415,698","$5,326,441,949",14,"-5.38%",NA,"Sep 2017",2019-01-30
"21",21,"BitMart","$207,875,909","$207,875,909","$758,381,870","$5,849,525,275",122,"-14.30%",NA,"Mar 2018",2019-01-30
"22",22,"CHAOEX","$202,262,403","$202,262,403","$817,114,026","$2,983,312,645",52,"-32.20%",NA,"Jul 2017",2019-01-30
"23",23,"Coinsuper","$182,051,736","$182,051,736","$771,295,154","$4,512,600,086",91,"-9.89%",NA,"Feb 2018",2019-01-30
"24",24,"LATOKEN","$181,368,351","$181,368,351","$596,789,260","$2,931,802,114",101,"1.27%",NA,"Jul 2017",2019-01-30
"25",25,"RightBTC","$177,124,884","$177,124,884","$647,046,333","$3,428,685,383",52,"-7.77%",NA,"Jul 2014",2019-01-30
"26",26,"Simex","$169,173,181","$169,173,181","$654,268,000","$4,822,948,981",9,"6.56%",NA,"Feb 2015",2019-01-30
"27",27,"Exrates","$162,036,924","$162,036,924","$623,947,382","$4,328,100,217",120,"0.15%",NA,"Apr 2016",2019-01-30
"28",28,"UPbit","$150,413,154","$150,413,154","$400,294,797","$4,777,906,374",292,"66.44%",NA,"Oct 2017",2019-01-30
"29",29,"IDCM","$145,488,130","$145,488,130","$484,355,284","$2,965,233,713",53,"-26.67%",NA,"Apr 2018",2019-01-30
"30",30,"CoinTiger","$144,824,620","$144,824,620","$404,454,379","$2,954,898,079",72,"16.59%",NA,"Dec 2017",2019-01-30
"31",31,"Bitfinex","$140,847,621","$140,847,621","$459,955,694","$4,450,520,730",105,"43.43%",NA,"Oct 2012",2019-01-30
"32",32,"DragonEX","$131,389,575","$131,742,012","$539,300,725","$3,752,157,574",90,"0.80%",NA,"Nov 2017",2019-01-30
"33",33,"Bitinka","$98,360,189","$98,360,189","$290,276,202","$1,644,718,772",107,"18.62%",NA,"Dec 2014",2019-01-30
"34",34,"55 Global Mar...","$93,883,416","$93,883,416","$455,134,766","$2,532,144,843",29,"28.99%",NA,"Jul 2018",2019-01-30
"35",35,"CoinMex","$90,894,534","$90,894,534","$316,869,832","$3,811,399,674",63,"4.81%",NA,"Jul 2018",2019-01-30
"36",36,"TOPBTC","$86,446,073","$86,446,073","$341,723,203","$2,403,717,443",42,"1.33%",NA,"Dec 2016",2019-01-30
"37",37,"Kraken","$84,793,081","$84,793,081","$240,785,711","$2,434,813,882",72,"17.53%",NA,"Jul 2011",2019-01-30
"38",38,"TOKOK","$79,955,117","$80,017,300","$319,507,791","$1,516,745,620",47,"-0.16%",NA,"Jun 2018",2019-01-30
"39",39,"Hotbit","$76,641,389","$76,641,389","$348,742,951","$1,891,015,566",321,"-1.98%",NA,"Jan 2018",2019-01-30
"40",40,"CoinEgg","$67,281,122","$67,281,122","$200,585,876","$1,535,584,373",63,"-5.29%",NA,"Mar 2017",2019-01-30
"41",41,"Sistemkoin","$65,584,281","$65,584,281","$218,274,578","$1,655,462,088",153,"-0.48%",NA,"Mar 2018",2019-01-30
"42",42,"Coinbase Pro","$63,421,475","$63,421,475","$234,857,831","$2,188,748,765",32,"4.81%",NA,"May 2014",2019-01-30
"43",43,"BiteBTC","$58,022,298","$58,022,298","$208,276,077","$1,562,915,086",38,"-14.95%",NA,"Jan 2018",2019-01-30
"44",44,"UEX","$54,265,720","$54,265,720","$167,001,722","$517,110,737",31,"-0.62%",NA,"May 2018",2019-01-30
"45",45,"Allcoin","$48,362,844","$48,362,859","$417,808,331","$2,581,759,825",31,"-60.18%",NA,"Jun 2014",2019-01-30
"46",46,"Bitbank","$47,754,421","$47,754,421","$63,987,835","$714,239,735",8,"176.79%",NA,"May 2014",2019-01-30
"47",47,"Bitstamp","$46,938,440","$46,938,440","$138,215,947","$1,283,270,668",14,"-1.90%",NA,"Jul 2011",2019-01-30
"48",48,"OOOBTC","$45,665,117","$45,665,117","$15,933,493","$47,661,582",27,"24.43%",NA,"Nov 2017",2019-01-30
"49",49,"Kryptono","$43,218,097","$43,218,097","$184,047,742","$1,264,924,359",32,"-1.68%",NA,"Jun 2018",2019-01-30
"50",50,"B2BX","$30,054,660","$30,054,660","$129,489,064","$827,849,322",29,"-7.37%",NA,"Jan 2018",2019-01-30
"51",51,"Bilaxy","$27,482,153","$27,482,153","$112,221,852","$827,277,838",87,"2.11%",NA,"Apr 2018",2019-01-30
"52",52,"Gate.io","$23,852,373","$23,852,373","$106,991,729","$1,076,698,810",362,"-0.42%",NA,"Jan 2013",2019-01-30
"53",53,"Bittrex","$23,596,064","$23,596,064","$99,219,916","$774,974,686",311,"2.54%",NA,"Feb 2014",2019-01-30
"54",54,"Bitlish","$21,195,405","$21,195,405","$67,568,498","$640,570,989",31,"-28.67%",NA,"Jul 2014",2019-01-30
"55",55,"CoinsBank","$21,002,277","$21,002,277","$100,643,051","$746,130,549",6,"-10.56%",NA,"Apr 2016",2019-01-30
"56",56,"Exmo","$20,754,474","$20,754,474","$75,349,520","$566,068,266",127,"8.21%",NA,"Apr 2015",2019-01-30
"57",57,"bitFlyer","$19,741,231","$19,970,581","$66,123,275","$503,022,909",3,"-7.03%",NA,"Jan 2014",2019-01-30
"58",58,"BITBOX","$17,628,351","$17,628,351","$78,211,923","$225,299,778",39,"-11.87%",NA,"Jul 2018",2019-01-30
"59",59,"YoBit","$17,223,941","$17,223,941","$58,585,081","$406,881,399",492,"25.92%",NA,"Aug 2014",2019-01-30
"60",60,"Bitrue","$16,447,548","$16,447,548","$55,056,573","$455,388,162",110,"3.98%",NA,"Jul 2018",2019-01-30
"61",61,"Coinhub","$15,888,617","$15,888,617","$61,833,172","$567,269,604",23,"8.63%",NA,"Jul 2017",2019-01-30
"62",62,"Trade By Trade","$15,362,218","$15,362,218","$42,736,375","$357,500,841",13,"-1.39%",NA,"Nov 2017",2019-01-30
"63",63,"Gemini","$14,056,855","$14,056,855","$45,281,566","$405,923,770",12,"-36.95%",NA,"Oct 2014",2019-01-30
"64",64,"Poloniex","$12,502,368","$12,502,368","$38,978,223","$376,606,630",119,"36.25%",NA,"Jan 2014",2019-01-30
"65",65,"Coinone","$12,441,136","$12,441,136","$23,395,886","$276,241,751",16,"102.56%",NA,"Jun 2014",2019-01-30
"66",66,"Liquid","$11,555,479","$97,801,259","$360,451,077","$2,401,111,912",182,"0.13%",NA,"Jan 2014",2019-01-30
"67",67,"BTCBOX","$10,747,271","$10,747,271","$41,832,526","$350,762,855",1,"8.06%",NA,"Mar 2014",2019-01-30
"68",68,"itBit","$9,337,536","$9,337,536","$31,192,537","$218,306,214",6,"-7.09%",NA,"Jan 2013",2019-01-30
"69",69,"Livecoin","$8,752,924","$8,752,924","$36,319,013","$260,060,145",184,"-15.32%",NA,"Mar 2014",2019-01-30
"70",70,"Iquant","$8,387,539","$34,519,488","$222,273,180","$343,368,779",17,"-1.71%",NA,"Jul 2017",2019-01-30
"71",71,"Korbit","$7,807,885","$7,807,885","$18,605,255","$191,095,957",22,"71.79%",NA,"Jul 2013",2019-01-30
"72",72,"BitMax","$7,350,813","$265,348,226","$2,549,698,457","$14,981,693,605",55,"-32.29%",NA,"Jul 2018",2019-01-30
"73",73,"Coinsquare","$6,900,077","$6,900,077","$27,584,253","$193,260,590",9,"-3.37%",NA,"May 2014",2019-01-30
"74",74,"Bitsane","$6,762,257","$6,762,257","$25,379,218","$155,923,941",35,"3.90%",NA,"Nov 2016",2019-01-30
"75",75,"Cryptology","$6,747,620","$6,747,620","$28,373,970","$152,327,040",25,"334.96%",NA,"Jan 2018",2019-01-30
"76",76,"MBAex","$6,537,730","$6,537,730","$37,379,376","$223,573,147",13,"-3.11%",NA,"Jan 2015",2019-01-30
"77",77,"GDAC","$6,260,918","$6,260,918","$44,750,825","$181,309,442",22,"-71.79%",NA,"Aug 2018",2019-01-30
"78",78,"Coindeal","$5,969,934","$5,969,934","$19,008,910","$141,004,898",34,"-18.34%",NA,"Mar 2018",2019-01-30
"79",79,"Tidex","$5,925,887","$5,925,887","$21,746,356","$99,613,531",152,"-2.04%",NA,"Oct 2017",2019-01-30
"80",80,"KuCoin","$5,593,822","$5,593,822","$21,181,385","$151,430,705",394,"4.98%",NA,"Aug 2017",2019-01-30
"81",81,"Mercatox","$5,318,444","$5,318,444","$20,797,529","$159,753,975",330,"2.42%",NA,"Oct 2015",2019-01-30
"82",82,"LakeBTC","$5,066,363","$5,066,363","$15,966,723","$135,398,644",10,"-2.36%",NA,"Nov 2013",2019-01-30
"83",83,"BitBay","$5,003,485","$5,003,485","$17,422,698","$143,330,123",78,"28.74%",NA,"Feb 2014",2019-01-30
"84",84,"GOPAX","$4,380,024","$4,380,024","$13,824,233","$119,433,900",69,"27.10%",NA,"Jun 2017",2019-01-30
"85",85,"Indodax","$4,329,274","$4,329,274","$13,069,781","$101,180,718",47,"23.15%",NA,"Mar 2018",2019-01-30
"86",86,"COSS","$4,094,619","$4,094,619","$21,371,954","$121,967,604",212,"-14.76%",NA,"Apr 2017",2019-01-30
"87",87,"BtcTrade.im","$3,914,054","$3,914,054","$16,519,197","$139,894,412",11,"10.04%",NA,"Apr 2014",2019-01-30
"88",88,"Coinroom","$3,592,494","$3,592,494","$15,579,934","$113,882,004",56,"-4.87%",NA,"Oct 2016",2019-01-30
"89",89,"Luno","$3,421,499","$3,421,499","$11,776,059","$96,802,267",5,"14.52%",NA,"Feb 2017",2019-01-30
"90",90,"Waves Decentr...","$3,420,680","$3,420,680","$12,797,991","$33,220,717",69,"0.24%",NA,"Jun 2016",2019-01-30
"91",91,"BtcTurk","$3,327,846","$3,327,846","$7,575,203","$87,768,741",7,"54.40%",NA,"Jul 2013",2019-01-30
"92",92,"Paribu","$2,815,186","$2,815,186","$7,457,187","$71,721,752",10,"39.79%",NA,"Dec 2016",2019-01-30
"93",93,"CryptalDash","$2,723,736","$2,723,736","$10,439,446","$89,673,881",15,"> 9000%",NA,"Jul 2018",2019-01-30
"94",94,"CEX.IO","$2,556,534","$2,556,534","$7,685,991","$71,270,535",28,"80.83%",NA,"Jun 2013",2019-01-30
"95",95,"Vebitcoin","$2,305,724","$2,305,724","$9,686,779","$94,666,182",36,"22.40%",NA,"Aug 2017",2019-01-30
"96",96,"Ethfinex","$2,222,997","$2,222,997","$6,219,794","$47,838,474",224,"61.05%",NA,"Feb 2018",2019-01-30
"97",97,"BTC-Alpha","$2,118,113","$2,118,113","$9,935,896","$68,669,389",103,"-10.54%",NA,"Mar 2016",2019-01-30
"98",98,"Ovis","$1,961,865","$1,961,865","$7,587,771","$52,530,334",24,"21.38%",NA,"Oct 2017",2019-01-30
"99",99,"STEX","$1,858,591","$1,858,591","$9,921,258","$42,302,297",143,"15.29%",NA,"Feb 2017",2019-01-30
"100",100,"C2CX","$1,826,868","$1,826,868","$10,652,013","$77,937,962",38,"-32.98%",NA,"Dec 2016",2019-01-30
"101",101,"OasisDEX","$1,813,918","$1,813,918","$4,094,565","$32,694,992",3,"11.98%",NA,"Feb 2017",2019-01-30
"102",102,"BTC Markets","$1,779,096","$1,779,096","$3,005,415","$34,428,287",9,"20.86%",NA,"Oct 2013",2019-01-30
"103",103,"Tokenomy","$1,727,627","$1,727,627","$2,182,570","$26,409,245",27,"32.82%",NA,"Jan 2018",2019-01-30
"104",104,"Satang Pro","$1,574,713","$1,574,713","$6,389,110","$48,934,595",4,"4.27%",NA,"Nov 2017",2019-01-30
"105",105,"DSX","$1,532,489","$1,532,489","$4,874,514","$36,620,468",29,"0.16%",NA,"Mar 2014",2019-01-30
"106",106,"BX Thailand","$1,476,837","$1,476,837","$5,446,233","$46,840,753",27,"-19.84%",NA,"Jun 2014",2019-01-30
"107",107,"OKCoin","$1,431,857","$1,431,857","$5,317,897","$52,814,777",42,"50.01%",NA,"Apr 2013",2019-01-30
"108",108,"CPDAX","$1,365,597","$1,365,597","$8,348,432","$77,348,707",29,"13.19%",NA,"Sep 2017",2019-01-30
"109",109,"Negocie Coins","$1,359,262","$1,359,262","$3,729,480","$38,016,218",7,"-11.63%",NA,"Nov 2013",2019-01-30
"110",110,"CoinEx","$1,272,446","$1,272,446","$5,325,586","$31,989,138",102,"104.09%",NA,"Jan 2012",2019-01-30
"111",111,"InfinityCoin ...","$1,194,367","$1,194,367","$5,253,261","$135,156,114",1,"-16.88%",NA,"Nov 2018",2019-01-30
"112",112,"Altcoin Trader","$1,136,655","$1,136,655","$3,606,436","$34,538,030",17,"19.51%",NA,"Jul 2014",2019-01-30
"113",113,"Bitso","$1,012,740","$1,012,740","$2,616,600","$24,118,793",15,"30.98%",NA,"May 2014",2019-01-30
"114",114,"Mercado Bitcoin","$896,960","$896,960","$1,924,135","$23,031,454",5,"-4.30%",NA,"Jun 2013",2019-01-30
"115",115,"Coinbe","$876,174","$876,174","$2,515,468","$268,297,831",38,"11.28%",NA,"Jan 2018",2019-01-30
"116",116,"OpenLedger DEX","$822,316","$822,316","$1,713,726","$19,067,763",79,"-17.77%",NA,"Aug 2015",2019-01-30
"117",117,"IDEX","$761,838","$761,838","$2,148,243","$11,873,813",432,"11.36%",NA,"Oct 2016",2019-01-30
"118",118,"Rfinex","$756,931","$756,931","$2,230,825","$15,778,890",7,"-0.30%",NA,"Jan 2017",2019-01-30
"119",119,"Koineks","$747,923","$747,923","$2,392,943","$18,581,580",14,"21.55%",NA,"Aug 2017",2019-01-30
"120",120,"Bancor Network","$729,615","$729,615","$4,354,731","$20,976,966",101,"13.10%",NA,"Jan 2017",2019-01-30
"121",121,"GBX Digital A...","$713,577","$713,577","$1,949,235","$25,896,630",25,"31.55%",NA,"Jul 2018",2019-01-30
"122",122,"BigONE","$712,153","$1,369,087","$2,459,941","$24,660,784",72,"44.91%",NA,"Jun 2017",2019-01-30
"123",123,"Stellarport","$710,827","$710,827","$2,421,572","$20,031,190",26,"26.84%",NA,"Jan 2018",2019-01-30
"124",124,"Independent R...","$694,302","$694,302","$2,101,783","$17,205,740",14,"45.26%",NA,"May 2013",2019-01-30
"125",125,"Stronghold","$643,818","$643,818","$2,165,347","$18,697,686",10,"22.21%",NA,"Jul 2016",2019-01-30
"126",126,"Bitibu","$643,390","$681,659","$3,799,625","$23,777,115",40,"-28.44%",NA,"Jan 2018",2019-01-30
"127",127,"ACX","$642,496","$642,496","$2,144,120","$22,711,135",12,"52.45%",NA,"Apr 2016",2019-01-30
"128",128,"Trade.io","$636,825","$636,825","$2,638,099","$20,773,810",40,"-7.15%",NA,"Jul 2018",2019-01-30
"129",129,"Tidebit","$568,836","$568,836","$2,512,226","$40,267,935",7,"-23.96%",NA,"Jan 2015",2019-01-30
"130",130,"BitcoinTrade","$526,469","$526,469","$816,049","$9,988,946",3,"22.27%",NA,"Jun 2017",2019-01-30
"131",131,"Coinfloor","$525,836","$525,836","$1,809,057","$14,121,181",3,"-35.56%",NA,"Apr 2013",2019-01-30
"132",132,"Bitkub","$522,856","$522,856","$2,018,664","$15,968,462",22,"-34.23%",NA,"Feb 2018",2019-01-30
"133",133,"Crex24","$504,132","$504,132","$2,382,404","$15,491,449",217,"6.38%",NA,"Aug 2017",2019-01-30
"134",134,"LiteBit.eu","$467,162","$467,162","$1,346,019","$10,004,487",48,"11.55%",NA,"Dec 2013",2019-01-30
"135",135,"Zaif","$445,960","$5,665,748","$16,443,452","$92,098,543",11,"55.09%",NA,"May 2014",2019-01-30
"136",136,"CryptoBridge","$436,453","$436,453","$1,794,785","$14,661,558",219,"0.14%",NA,"Jul 2017",2019-01-30
"137",137,"Gatehub","$416,245","$416,245","$514,024","$3,194,134",4,"292.46%",NA,"Nov 2014",2019-01-30
"138",138,"Bitonic","$358,635","$358,635","$1,517,612","$9,579,723",1,"-40.09%",NA,"Mar 2012",2019-01-30
"139",139,"The Rock Trading","$352,804","$352,804","$783,417","$9,797,071",14,"-12.79%",NA,"Jan 2011",2019-01-30
"140",140,"CoinMate","$342,086","$342,086","$1,220,636","$8,819,081",1,"-28.23%",NA,"Dec 2013",2019-01-30
"141",141,"Trade Satoshi","$313,727","$313,727","$2,377,584","$6,425,754",366,"-18.14%",NA,"Nov 2015",2019-01-30
"142",142,"Bitbns","$301,888","$301,888","$1,329,951","$9,193,217",63,"5.04%",NA,"Nov 2017",2019-01-30
"143",143,"Stellar Decen...","$301,542","$301,542","$1,311,861","$9,963,842",25,"5.58%",NA,"Jul 2017",2019-01-30
"144",144,"Huobi (HBUS)","$266,740","$266,740","$10,686,375","$16,653,821",34,"-24.90%",NA,"Jun 2018",2019-01-30
"145",145,"BitMarket","$265,138","$265,138","$806,122","$8,197,564",6,"-8.12%",NA,"Mar 2014",2019-01-30
"146",146,"Braziliex","$250,022","$250,022","$497,084","$3,898,014",25,"-41.47%",NA,"May 2017",2019-01-30
"147",147,"RippleFox","$191,075","$191,075","$382,415","$2,475,358",3,"77.96%",NA,"May 2014",2019-01-30
"148",148,"CoinPlace","$188,029","$188,029","$796,616","$4,165,244",50,"-4.85%",NA,"Oct 2017",2019-01-30
"149",149,"CoinCorner","$185,625","$185,625","$587,276","$3,905,372",2,"7.51%",NA,"Jul 2014",2019-01-30
"150",150,"WazirX","$180,975","$180,975","$775,523","$6,303,277",75,"-52.87%",NA,"Mar 2018",2019-01-30
"151",151,"BitcoinToYou","$175,815","$175,815","$834,065","$8,056,659",1,"-22.13%",NA,"Apr 2012",2019-01-30
"152",152,"Bithesap","$174,684","$174,684","$398,577","$7,415,495",2,"98.83%",NA,"Dec 2017",2019-01-30
"153",153,"Koinex","$167,623","$167,623","$716,287","$4,871,578",32,"23.66%",NA,"May 2017",2019-01-30
"154",154,"EtherDelta (F...","$156,842","$156,842","$400,576","$1,622,732",26,"11.68%",NA,"Jan 2018",2019-01-30
"155",155,"Kuna","$150,354","$150,354","$530,106","$4,532,458",26,"-13.24%",NA,"Mar 2016",2019-01-30
"156",156,"CoinExchange","$147,151","$147,151","$689,867","$9,387,005",449,"-33.76%",NA,"Mar 2016",2019-01-30
"157",157,"Kyber Network","$134,410","$134,410","$674,800","$4,391,329",58,"18.20%",NA,"Feb 2018",2019-01-30
"158",158,"Ripple China","$130,523","$130,523","$89,774","$848,884",1,"182.25%",NA,"Nov 2013",2019-01-30
"159",159,"TradeOgre","$127,431","$127,431","$700,240","$4,551,057",51,"-5.33%",NA,"Jan 2018",2019-01-30
"160",160,"Bittylicious","$104,487","$104,487","$308,194","$2,256,592",39,"-6.36%",NA,"May 2013",2019-01-30
"161",161,"Radar Relay","$103,136","$103,136","$140,051","$821,308",42,"298.41%",NA,"Aug 2017",2019-01-30
"162",162,"Buda","$93,564","$93,564","$170,497","$2,186,061",7,"25.75%",NA,"Apr 2015",2019-01-30
"163",163,"Bitex.la","$91,789","$91,789","$44,766","$1,221,008",1,"575.82%",NA,"Dec 2013",2019-01-30
"164",164,"OTCBTC","$89,977","$89,977","$336,810","$2,907,055",77,"-10.25%",NA,"Oct 2017",2019-01-30
"165",165,"BitShares Ass...","$83,692","$83,692","$593,176","$4,801,485",14,"-58.81%",NA,"Feb 2016",2019-01-30
"166",166,"CoinFalcon","$81,714","$81,714","$243,407","$1,648,163",26,"12.13%",NA,"May 2017",2019-01-30
"167",167,"RuDEX","$78,797","$78,797","$278,146","$1,047,329",6,"-22.65%",NA,"Apr 2017",2019-01-30
"168",168,"Bitstamp (Rip...","$78,363","$78,363","$144,552","$5,353,385",2,"49.32%",NA,"Aug 2011",2019-01-30
"169",169,"Escodex","$73,381","$73,381","$293,822","$3,010,393",22,"12.67%",NA,"Apr 2018",2019-01-30
"170",170,"DDEX","$71,852","$71,852","$1,336,858","$5,602,020",105,"33.69%",NA,"Dec 2017",2019-01-30
"171",171,"Koinim","$61,709","$61,709","$262,646","$2,678,343",6,"-6.88%",NA,"Apr 2013",2019-01-30
"172",172,"Graviex","$59,400","$59,400","$392,906","$3,470,138",107,"-28.15%",NA,"Feb 2018",2019-01-30
"173",173,"YunEx","$53,375","$53,375","$201,026","$949,646",9,"38.29%",NA,"Jan 2018",2019-01-30
"174",174,"AidosMarket","$50,725","$50,725","$703,300","$3,340,937",1,"69.50%",NA,"Jan 2018",2019-01-30
"175",175,"Cryptomate","$34,586","$34,586","$37,651","$320,260",16,"-53.59%",NA,"May 2015",2019-01-30
"176",176,"Bleutrade","$32,378","$32,378","$178,761","$1,817,162",52,"-41.41%",NA,"Mar 2014",2019-01-30
"177",177,"Allbit","$30,457","$185,803","$222,086","$21,500,556",18,"2.34%",NA,"Mar 2018",2019-01-30
"178",178,"Coinnest","$29,891","$29,891","$34,627","$270,541",35,"286.19%",NA,"Aug 2017",2019-01-30
"179",179,"Switcheo Network","$28,290","$28,290","$128,448","$911,673",46,"0.28%",NA,"Mar 2018",2019-01-30
"180",180,"BTC Trade UA","$27,106","$27,106","$155,993","$1,113,455",11,"-26.81%",NA,"May 2014",2019-01-30
"181",181,"CryptoMarket","$26,175","$26,175","$90,042","$1,366,462",15,"5.32%",NA,"Jan 2017",2019-01-30
"182",182,"Neraex","$24,431","$1,243,393","$24,895,214","$174,312,251",13,"-18.52%",NA,"Jan 2017",2019-01-30
"183",183,"Bisq","$22,653","$22,653","$152,389","$2,436,825",16,"-15.34%",NA,"Dec 2014",2019-01-30
"184",184,"Bit2C","$21,532","$21,532","$96,310","$1,277,090",2,"-43.06%",NA,"Jan 2013",2019-01-30
"185",185,"ezBtc","$21,208","$21,208","$78,161","$1,174,389",1,"-33.68%",NA,"May 2016",2019-01-30
"186",186,"SouthXchange","$17,021","$17,021","$47,434","$624,587",90,"80.62%",NA,"Feb 2015",2019-01-30
"187",187,"Paymium","$14,808","$14,808","$60,501","$609,288",1,"-26.53%",NA,"May 2010",2019-01-30
"188",188,"Nocks","$12,416","$12,416","$64,782","$398,388",1,"-74.89%",NA,"Oct 2017",2019-01-30
"189",189,"Coinut","$12,146","$12,146","$382,087","$1,710,375",27,"-67.61%",NA,"Nov 2013",2019-01-30
"190",190,"Novaexchange","$10,589","$10,589","$3,635","$22,986",32,"618.58%",NA,"Jan 2016",2019-01-30
"191",191,"Coinrail","$9,404","$9,404","$19,237","$408,144",45,"108.23%",NA,"Jul 2017",2019-01-30
"192",192,"Tux Exchange","$7,547","$7,547","$503","$10,275",16,"4420.33%",NA,"Aug 2016",2019-01-30
"193",193,"Altilly","$6,839","$6,839","$38,265","$90,023",20,"-31.57%",NA,"May 2018",2019-01-30
"194",194,"C-Patex","$6,677","$6,677","$41,930","$165,756",23,"-58.98%",NA,"Nov 2014",2019-01-30
"195",195,"Tripe Dice Ex...","$5,760","$5,760","$16,654","$124,041",4,"10.66%",NA,"May 2016",2019-01-30
"196",196,"C-CEX","$4,389","$4,389","$94,970","$983,871",49,"-76.43%",NA,"Dec 2013",2019-01-30
"197",197,"CRXzone","$3,487","$3,487","$44,848","$369,846",1,"153.74%",NA,"Apr 2014",2019-01-30
"198",198,"Token Store","$2,722","$2,722","$30,742","$248,423",6,"-44.59%",NA,"Jul 2017",2019-01-30
"199",199,"Coingi","$2,615","$2,615","$393","$67,978",1,"664.85%",NA,"Aug 2014",2019-01-30
"200",200,"FreiExchange","$1,669","$1,669","$1,775","$29,320",13,"-14.75%",NA,"Dec 2016",2019-01-30
"201",201,"Nanex","$1,015","$1,015","$1,206","$23,337",15,"48.92%",NA,"Dec 2017",2019-01-30
"202",202,"ISX","$432","$432","$323","$3,473",1,"?",NA,"Jun 2016",2019-01-30
"203",203,"GuldenTrader","$225","$225","$0","$496",1,"-66.51%",NA,"Apr 2014",2019-01-30
"204",204,"Bytex","$206","$206","$9,198","$3,775,544",12,"-36.11%",NA,"Apr 2018",2019-01-30
"205",205,"Heat Wallet","$48","$48","$1,751","$3,462",1,"-90.16%",NA,"Feb 2016",2019-01-30
"206",206,"Coinrate","$0","$0","$269","$2,350",5,"-98.73%",NA,"Jul 2016",2019-01-30
"207",207,"Gatecoin","$0","$0","$25,897","$173,807",15,"-100.00%",NA,"May 2013",2019-01-30
"208",208,"BTCC","$0","$0","$0","$35,343",0,"?",NA,"Jun 2011",2019-01-30
"209",209,"Cryptopia","$0","$0","$0","$16,176,237",0,"?",NA,"May 2014",2019-01-30
"210",210,"Coincheck","$0","$5,352,082","$22,261,117","$209,543,707",1,"15.45%",NA,"Aug 2012",2019-01-30
"211",211,"QuadrigaCX","$0","$0","$1,284,887","$15,710,726",0,"?",NA,"Sep 2013",2019-01-30
"212",212,"BitMEX","$0","$954,957,316","$4,089,454,334","$26,262,477,418",1,"-7.68%",NA,"Apr 2014",2019-01-30
"213",213,"Liqui","$0","$0","$489,942","$28,929,281",182,"?",NA,"Apr 2016",2019-01-30
"214",214,"Bithumb","$0","$1,355,921,261","$5,529,444,070","$39,317,632,510",73,"0.70%",NA,"Jun 2016",2019-01-30
"215",215,"Lykke Exchange","$0","$63,711","$297,035","$4,530,435",30,"-23.92%",NA,"Jun 2016",2019-01-30
"216",216,"LocalTrade","$0","$0","$665,737,105","$2,660,540,958",0,"?",NA,"Nov 2017",2019-01-30
"217",217,"Bits Blockchain","$0","$511,022","$10,633,731","$29,235,594",3,"-72.93%",NA,"Nov 2017",2019-01-30
"218",218,"Fisco","$0","$9,093","$24,186","$418,526",2,"-18.89%",NA,"Jul 2016",2019-01-30
"219",219,"EXX","$0","$534,146,355","$943,370,080","$7,319,219,695",44,"10.73%",NA,"Oct 2017",2019-01-30
"220",220,"Cobinhood","$0","$1,219,144","$4,579,868","$62,451,971",22,"-4.53%",NA,"Dec 2017",2019-01-30
"221",221,"BarterDEX","$0","$0","$0","$0",0,"?",NA,"Nov 2017",2019-01-30
"222",222,"Zebpay","$0","$0","$0","$0",2,"?",NA,"Aug 2014",2019-01-30
"223",223,"FCoin","$0","$154,180,076","$453,044,912","$2,903,422,300",90,"3.36%",NA,"May 2018",2019-01-30
"224",224,"DEx.top","$0","$0","$52","$25,519",32,"?",NA,"May 2018",2019-01-30
"225",225,"AirSwap","$0","$27,758","$0","$413,219",23,"?",NA,"Apr 2018",2019-01-30
"226",226,"ABCC","$0","$25,979,401","$103,182,387","$852,661,594",114,"1.00%",NA,"Apr 2018",2019-01-30
"227",227,"Instant Bitex","$0","$800,673","$1,503,869","$10,683,249",43,"14.74%",NA,"Jan 2018",2019-01-30
"228",228,"Cashierest","$0","$52,954,255","$139,245,365","$2,635,218,135",56,"-9.35%",NA,"Jun 2018",2019-01-30
"229",229,"ZBG","$0","$360,121,736","$1,205,373,689","$9,019,609,571",17,"-2.42%",NA,"Jul 2018",2019-01-30
"230",230,"Bgogo","$0","$19,797,292","$75,119,201","$562,911,440",30,"7.77%",NA,"May 2018",2019-01-30
"231",231,"CoinZest","$0","$1,727,616","$149,237,185","$354,199,713",67,"150.91%",NA,"Jun 2018",2019-01-30
"232",232,"Coinbit","$0","$42,683,256","$166,849,739","$5,029,354,899",23,"-23.03%",NA,"Jul 2018",2019-01-30
"233",233,"Coinall","$0","$37,189,427","$153,135,640","$791,254,992",45,"0.15%",NA,"Aug 2018",2019-01-30
"234",234,"BCoin.sg","$0","$583,239","$1,911,393","$17,011,864",26,"11.95%",NA,"Apr 2018",2019-01-30
